Growth.form,Growth.form.2,AccSpeciesName,HV (cm/cm2),Al/As (m2/cm2),"HV (10^4, m2/m2)",K (g/m2),P (g/m2),N (g/m2),K (kg/g),P (g/kg),N (g/kg),LMA (g/m2),WD (g/cm3),Dv (um),Denisty (mm-2),Transpiration (mmol/m2/s),Annual psi min,Midday psi leaf (Mpa),WUE (umol/mol),Gs (mol/m2/s),Aarea (umol/m2/s),LDMC (g/g),SLA (cm2/g),MVL (cm),MOR (N/mm2),BVD (um),MVD (um),WLR (um/um),Vessel%,Parenchyma%,Fiber%,Kl (mmol/m/s/Mpa),Dh (um),PLC (%),Midday K (kg/m/s/Mpa),Osmotic potential at full turgor (Mpa),Leaf water potential at turgor loss point (Mpa),Bulk modulus of elasticity (Mpa),Absolute capacitance (mol/m2/Mpa),K,Units_K,P50,Units_P50,Slope,Units_Slope,Source
liana,liana,Acacia Megaladena,,,,,,,,,,,0.43,,,,,,,,,,,,99.9,59.53,44.08,0.029,12.39,6.8,78.9,,,,,,,,,6.83,kg/m/s/Mpa,-2.3,Mpa,,,Zhang et al. 2019 (Tree Physiology)
liana,liana,Bauhinia aurea,,,,,,,,,,,0.66,,,,,,,,,,,,170.15,53.78,26.88,0.04,7.61,31.45,59.36,,,,,,,,,1.7,kg/m/s/Mpa,-1.88,Mpa,,,Zhang et al. 2019 (Tree Physiology)
liana,liana,Bauhinia yunnanensis,,,,,,,,,,,0.41,,,,,,,,,,,,91.07,46.73,26.04,0.041,15.53,20.97,59.73,,,,,,,,,4.33,kg/m/s/Mpa,-2.8,Mpa,,,Zhang et al. 2019 (Tree Physiology)
liana,liana,Byttneria aspera,,,,,,,,,,,0.39,,,,,,,,,,,,92.93,59.81,27.25,0.031,11.87,30.05,55.44,,,,,,,,,1.45,kg/m/s/Mpa,-2.28,Mpa,,,Zhang et al. 2019 (Tree Physiology)
liana,liana,Combretum latifolium,,1.09,1.54,,,,,,19.93,,0.51,212,,,,,,,10.85,,,109,160.61,58.28,31.24,0.035,7.42,18.86,72.21,4.47,160.1,,,,,,,2.9925,kg/m/s/Mpa,-1.835,Mpa,,,Zhang et al. 2019 (Tree Physiology) & Zhu et al. 2017 (Tree Physiology) & Zhu and Cao 2009 (Plant Ecology)
liana,liana,Ficus sagittata,,,,,,,,,,,0.39,,,,,,,,,,,,99.08,61.63,35.05,0.035,11.33,38.16,48.3,,,,,,,,,1.45,kg/m/s/Mpa,-1.98,Mpa,,,Zhang et al. 2019 (Tree Physiology)
liana,liana,Fissistigma maclurei,,,,,,,,,,,0.38,,,,,,,,,,,,88.98,66.85,42.56,0.032,12.18,32.03,53.61,,,,,,,,,0.52,kg/m/s/Mpa,-2.12,Mpa,,,Zhang et al. 2019 (Tree Physiology)
liana,liana,Mallotus repandus,,,,,,,,,,,0.34,,,,,,,,,,,,156.02,56.98,40.21,0.036,10.31,28.59,59.32,,,,,,,,,2.12,kg/m/s/Mpa,-2.69,Mpa,,,Zhang et al. 2019 (Tree Physiology)
liana,liana,Premna scandens,,,,,,,,,,,0.44,,,,,,,,,,,,154.7,61.6,36.2,0.034,11.46,17.81,68.33,,,,,,,,,2.22,kg/m/s/Mpa,-2.99,Mpa,,,Zhang et al. 2019 (Tree Physiology)
liana,liana,Strychnos angustiflora,,,,,,,,,,,0.51,,,,,,,,,,,,120.13,50.24,32.14,0.035,14.41,36.87,45.74,,,,,,,,,10.71,kg/m/s/Mpa,-2.29,Mpa,,,Zhang et al. 2019 (Tree Physiology)
liana,liana,Uncaria laevigata,,,,,,,,,,,0.39,,,,,,,,,,,,142.93,50.44,26.54,0.035,14.04,23.2,59.64,,,,,,,,,12.25,kg/m/s/Mpa,-2.48,Mpa,,,Zhang et al. 2019 (Tree Physiology)
liana,liana,Uncaria macrophylla,,1.97,,,,,,,,,0.405,,,,,,,,,,,137,132.43,53.13,29.4,0.036,24.53,22.47,47.48,7.48,152.3,,,,,,,9.42,kg/m/s/Mpa,-1.7,Mpa,,,Zhang et al. 2019 (Tree Physiology) & Zhu et al. 2017 (Tree Physiology)
tree,angiosperm,Allophylus cobbe,,,,,,,,,,,0.42,,,,,,,,,,,,93.78,60.1,37.48,0.041,17.88,26.55,52.27,,,,,,,,,0.45,kg/m/s/Mpa,-1.14,Mpa,,,Zhang et al. 2019 (Tree Physiology)
tree,angiosperm,Balakata baccata,,,,,,,,,,,0.32,,,,,,,,,,,,49.84,78.45,50.59,0.03,11.16,22.84,64.29,,,,,,,,,1.23,kg/m/s/Mpa,-2.86,Mpa,,,Zhang et al. 2019 (Tree Physiology)
tree,angiosperm,Castanopsis hainanensis,,,,,,,,,,,0.49,,,,,,,,,,,,121.05,62.43,36.23,0.033,15.54,32.13,49.32,3.71,,,,,,,,1.63,kg/m/s/Mpa,-1.525,Mpa,,,Zhang et al. 2019 (Tree Physiology)
tree,angiosperm,Castanopsis indica,,1.25,,,,,,,,,0.49,,,,,,,,,,,58,129.37,61.87,43.26,0.031,18.84,21.73,56.36,,96.3,,,,,,,3.23,kg/m/s/Mpa,-1.58,Mpa,,,Zhang et al. 2019 (Tree Physiology) & Zhu et al. 2017 (Tree Physiology)
tree,angiosperm,Duabanga grandiflora,,,,,,,,,,,0.45,,,,,,,,,,,,96.71,81.66,52.2,0.029,21.89,16.62,58.36,,,,,,,,,3.24,kg/m/s/Mpa,-1.98,Mpa,,,Zhang et al. 2019 (Tree Physiology)
tree,angiosperm,Parashorea chinensis,,,,,,,,,,,0.52,,,,,,,,,,,,84.53,61.3,35.13,0.042,22.51,31.84,40.6,,,,,,,,,3.51,kg/m/s/Mpa,-2.25,Mpa,,,Zhang et al. 2019 (Tree Physiology)
tree,angiosperm,Pseuduvaria trimera,,,,,,,,,,,0.45,,,,,,,,,,,,82.65,35.88,18.93,0.046,11.85,37.72,46.57,,,,,,,,,3.26,kg/m/s/Mpa,-2.53,Mpa,,,Zhang et al. 2019 (Tree Physiology)
tree,angiosperm,Pterospermum menglunense,,,,,,,,,,,0.34,,,,,,,,,,,,78.26,47.58,31.25,0.037,19.96,65.34,10.56,,,,,,,,,0.78,kg/m/s/Mpa,-1.82,Mpa,,,Zhang et al. 2019 (Tree Physiology)
tree,angiosperm,Semecarpus reticulata,,,,,,,,,,,0.33,,,,,,,,,,,,81.3,72.22,43.13,0.028,12.57,22.34,63.28,,,,,,,,,1.22,kg/m/s/Mpa,-1.9,Mpa,,,Zhang et al. 2019 (Tree Physiology)
tree,angiosperm,Sloanea tomentosa,,,,,,,,,,,0.54,,,,,,,,,,,,106.44,40.92,27.71,0.045,12.55,29.02,55.8,,,,,,,,,0.68,kg/m/s/Mpa,-1.83,Mpa,,,Zhang et al. 2019 (Tree Physiology)
liana,liana,Calliclamys latifolia,0.02688,,,,,,,,,,0.49454,,,,,,63.42008,0.2245,13.68582,0.26226,233.58484,36.9,,,,,,,,138.15,,,,,,,,512.84492,mol/m/s/Mpa,-1.0112195,Mpa,1.5,%/Mpa,van der Sande et al. 2013 (Oecologia) & van der Sande et al. 2019 (Ecology)
liana,liana,Clitoria javalensis,0.01048,,,,,,,,,,0.38452,,,,,,74.52614,0.14342,10.43852,0.30744,293.74302,77.66,,,,,,,,79.44,,,,,,,,758.65155,mol/m/s/Mpa,-1.7595238,Mpa,1.07,%/Mpa,van der Sande et al. 2013 (Oecologia)
liana,liana,Machaerium seemannii,0.02845,,,,,,,,,,0.5623,,,,,,78.54404,0.19014,8.61038,0.4079,223.47473,37.46,,,,,,,,61.75,,,,,,,,179.15782,mol/m/s/Mpa,-0.90853115,Mpa,1.91,%/Mpa,van der Sande et al. 2013 (Oecologia) & van der Sande et al. 2019 (Ecology)
liana,liana,Maripa panamensis,0.01121,,,,,,,,,,0.38142,,,,,,93.74569,0.2026,18.89414,0.30039,149.03255,86.1936,,,,,,,,362.9,,,,,,,,3341.67661,mol/m/s/Mpa,-0.4158288,Mpa,4.91,%/Mpa,van der Sande et al. 2013 (Oecologia) & van der Sande et al. 2019 (Ecology)
liana,liana,Paullinia glomerulosa,0.02966,,,,,,,,,,0.83324,,,,,,67.34294,0.11634,7.87852,0.30808,311.0073,37.24,,,,,,,,21.3,,,,,,,,76.46453,mol/m/s/Mpa,-0.6344474,Mpa,1.4,%/Mpa,van der Sande et al. 2013 (Oecologia) & van der Sande et al. 2019 (Ecology)
liana,liana,Paullinia rugosa,0.03378571,,,,,,,,,,0.4663586,,,,,,81.28636,0.13928,9.76945,0.3400117,193.95942,32.105,,,,,,,,49.62,,,,,,,,170.19962,mol/m/s/Mpa,-0.73045145,Mpa,2.85,%/Mpa,van der Sande et al. 2013 (Oecologia) & van der Sande et al. 2019 (Ecology)
liana,liana,Senna undulata,0.01964,,,,,,,,,,0.45916,,,,,,78.10978,0.15518,12.03844,0.29504,256.91058,63.72,,,,,,,,62.29,,,,,,,,322.16098,mol/m/s/Mpa,-1.0871041,Mpa,2.18,%/Mpa,van der Sande et al. 2013 (Oecologia) & van der Sande et al. 2019 (Ecology)
liana,liana,Tetracera portobellensis,0.01286,,,,,,,,,,0.24256,,,,,,82.00478,0.17912,14.574,0.2942,216.19996,101.8333,,,,,,,,185.84,,,,,,,,1469.00046,mol/m/s/Mpa,-1.34793165,Mpa,2.05,%/Mpa,van der Sande et al. 2013 (Oecologia) & van der Sande et al. 2019 (Ecology)
tree,angiosperm,Croton billbergianus,0.01668,,,,,,,,,,0.44668,,,,,,92.15598,0.1332,12.22228,0.24004,267.69148,62.22,,,,,,,,132.53,,,,,,,,800.85188,mol/m/s/Mpa,-0.60979505,Mpa,3.28,%/Mpa,van der Sande et al. 2013 (Oecologia) & van der Sande et al. 2019 (Ecology)
tree,angiosperm,Erythrina costaricensis,0.01848,,,,,,,,,,0.30128,,,,,,90.91186,0.13508,12.2577,0.2289,367.8721,88.54,,,,,,,,120.7,,,,,,,,663.44794,mol/m/s/Mpa,-1.221519,Mpa,2.31,%/Mpa,van der Sande et al. 2013 (Oecologia) & van der Sande et al. 2019 (Ecology)
tree,angiosperm,Eugenia nesiotica,0.01584,,,,,,,,,,0.47282,,,,,,76.73866,0.09442,7.20618,0.3327,210.91442,133.6475,,,,,,,,,,,,,,,,584.51908,mol/m/s/Mpa,-1.69947485,Mpa,1.12,%/Mpa,van der Sande et al. 2013 (Oecologia) & van der Sande et al. 2019 (Ecology)
tree,angiosperm,Faramea occidentalis,0.01535,,,,,,,,,,0.5132833,,,,,,123.93568,0.07166,8.68876,0.34835,188.56968,71.4,,,,,,,,19.11,,,,,,,,116.568,mol/m/s/Mpa,-4.2912278,Mpa,0.58,%/Mpa,van der Sande et al. 2013 (Oecologia) & van der Sande et al. 2019 (Ecology)
tree,angiosperm,Gustavia superba,0.02772,,,,,,,,,,0.39436,,,,,,71.44918,0.1338,9.52238,0.34224,163.45402,96.455,,,,,,,,30.33,,,,,,,,109.37225,mol/m/s/Mpa,-0.75234455,Mpa,2.58,%/Mpa,van der Sande et al. 2013 (Oecologia) & van der Sande et al. 2019 (Ecology)
tree,angiosperm,Inga vera,0.01546,,,,,,,,,,0.45516,,,,,,64.51796,0.1462,9.21826,0.40084,194.0248,71.26,,,,,,,,28.5,,,,,,,,185.48182,mol/m/s/Mpa,-4.2134845,Mpa,0.46,%/Mpa,van der Sande et al. 2013 (Oecologia) & van der Sande et al. 2019 (Ecology)
tree,angiosperm,Miconia argentea,0.0227,,,,,,,,,,0.58236,,,,,,84.17726,0.15538,12.93778,0.2952,152.31692,69.76,,,,,,,,47.19,,,,,,,,218.80242,mol/m/s/Mpa,-0.9185631,Mpa,2.43,%/Mpa,van der Sande et al. 2013 (Oecologia) & van der Sande et al. 2019 (Ecology)
tree,angiosperm,Piper reticulatum,0.01942167,,,,,,,,,,0.3242633,,,,,,101.55376,0.12683,12.77818,0.3178333,161.49677,72.9,,,,,,,,40.87,,,,,,,,375.54919,mol/m/s/Mpa,-0.88387655,Mpa,2.24,%/Mpa,van der Sande et al. 2013 (Oecologia) & van der Sande et al. 2019 (Ecology)
tree,angiosperm,Senna dariensis,0.03924,,,,,,,,,,0.4301167,,,,,,78.37126,0.18194,14.19472,0.17385,445.2742,54.48333,,,,,,,,53.37,,,,,,,,137.34855,mol/m/s/Mpa,-2.0928873,Mpa,0.94,%/Mpa,van der Sande et al. 2013 (Oecologia) & van der Sande et al. 2019 (Ecology)
tree,angiosperm,Terminalia amazonia,0.03872,,,,,,,,,,0.5933,,,,,,85.83629,0.12402,10.34482,0.31671,151.68369,50.76565,,,,,,,,23.36,,,,,,,,81.275865,mol/m/s/Mpa,-2.82193565,Mpa,0.82,%/Mpa,van der Sande et al. 2013 (Oecologia) & van der Sande et al. 2019 (Ecology)
tree,angiosperm,Vismia billbergiana,0.04703333,,,,,,,,,,0.3847167,,,,,,64.87122,0.16804,10.74882,0.2392,228.78338,122.95,,,,,,,,109.33,,,,,,,,238.150375,mol/m/s/Mpa,-2.18111,Mpa,1.06,%/Mpa,van der Sande et al. 2013 (Oecologia)
tree,angiosperm,Xylopia panamensis,,,,,,,,,,,,,,,,,,,,,,,,,,,,,,46.06,,,,,,,,131.9,mol/m/s/Mpa,-2.63,Mpa,0.76,%/Mpa,van der Sande et al. 2013 (Oecologia)
tree,angiosperm,Zanthoxylum panamense,0.01082,,,,,,,,,,0.4267,,,,,,60.09782,0.21164,12.76452,0.2868,233.88837,98.3,,,,,,,,74.15,,,,,,,,686.90831,mol/m/s/Mpa,-2.0485342,Mpa,1.19,%/Mpa,van der Sande et al. 2013 (Oecologia) & van der Sande et al. 2019 (Ecology)
liana,liana,Celastrus paniculatus,,,,,,,,,,,,,,,,,,,,,,301,,,,,,,,,,40.91,7.97,-1.28,-1.57,14.48,0.85,8.62,kg/m/s/Mpa,-1.42,Mpa,,,Chen et al. 2017 (Functional ecology)
liana,liana,Marsdenia sinensis,,,,,,,,,,,,,,,,,,,,,,235,,,,,,,,,,38.27,3.27,-0.97,-1.49,10.91,1.7,10.57,kg/m/s/Mpa,-1.05,Mpa,,,Chen et al. 2017 (Functional ecology)
liana,liana,Ventilago calyculata,,1.23,,,,,,,,,0.55,,,,,,,,,,,102.5,,,,,,,,4.5,116.3,28.53,7.28,-2.02,-2.34,21.61,0.3,5.846666667,kg/m/s/Mpa,-1.38,Mpa,,,Chen et al. 2017 (Functional ecology) & Zhu et al. 2017 (Tree Physiology)
tree,angiosperm,Celtis tetrandra,,,,,,,,,,,,,,,,,,,,,,120,,,,,,,,,,34.67,4.61,-1.96,-2.23,16.53,0.4,6.21,kg/m/s/Mpa,-1.53,Mpa,,,Chen et al. 2017 (Functional ecology)
tree,angiosperm,Ficus concinna,,,,,,,,,,,,,,,,,,,,,,61,,,,,,,,,,29.55,2.21,-1.63,-2.06,25.81,0.26,3.95,kg/m/s/Mpa,-1.43,Mpa,,,Chen et al. 2017 (Functional ecology)
tree,angiosperm,Harpullia cupanioides,,,,,,,,,,,,,,,,,,,,,,192,,,,,,,,,,15.45,1.96,-2.04,-2.37,16.67,0.49,2.2,kg/m/s/Mpa,-2.51,Mpa,,,Chen et al. 2017 (Functional ecology)
tree,angiosperm,Michelia hypolampra,,,,,,,,,,,,,,,,,,,,,,74,,,,,,,,,,24.85,1.13,-1.06,-1.4,11,0.43,1.69,kg/m/s/Mpa,-2.25,Mpa,,,Chen et al. 2017 (Functional ecology)
tree,angiosperm,Streblus asper,,,,,,,,,,,,,,,,,,,,,,72,,,,,,,,,,14.07,1.22,-1.78,-2.26,15.11,0.55,1.86,kg/m/s/Mpa,-2.93,Mpa,,,Chen et al. 2017 (Functional ecology)
tree,angiosperm,Bauhinia purpurea,,1.18,,,,,,,,,0.42,,,,,,,,,,,95,,,,,,,,9.8,130.8,,,,,,,11.79,kg/m/s/Mpa,-1.3,Mpa,,,Zhu et al. 2017 (Tree Physiology)
tree,angiosperm,Bauhinia variegate,,1.07,3.06,,,,,,20.88,,0.475,126,,,,,,,7.84,,,83,,,,,,,,10.59,121.2,,,,,,,6.325,kg/m/s/Mpa,-1.2,Mpa,,,Zhu et al. 2017 (Tree Physiology) & Zhu and Cao 2009 (Plant Ecology)
tree,angiosperm,Bischofia javanica,,1.37,,,,,,,,,0.44,,,,,,,,,,,85,,,,,,,,5.33,89.2,,,,,,,7.89,kg/m/s/Mpa,-1.2,Mpa,,,Zhu et al. 2017 (Tree Physiology)
tree,angiosperm,Lagerstroemia tomentosa,,0.9,,,,,,,,,0.61,,,,,,,,,,,91,,,,,,,,9.85,105.8,,,,,,,7.74,kg/m/s/Mpa,-1.4,Mpa,,,Zhu et al. 2017 (Tree Physiology)
tree,angiosperm,Millettia cubitti,,1.14,,,,,,,,,0.53,,,,,,,,,,,49,,,,,,,,7.77,115.1,,,,,,,7.73,kg/m/s/Mpa,-1.1,Mpa,,,Zhu et al. 2017 (Tree Physiology)
tree,angiosperm,Millettia leptobotrya,,2.17,,,,,,,,,0.63,,,,,,,,,,,69,,,,,,,,2.36,125.1,,,,,,,4.61,kg/m/s/Mpa,-1.6,Mpa,,,Zhu et al. 2017 (Tree Physiology)
tree,angiosperm,Syzygium cumini,,1.12,,,,,,,,,0.61,,,,,,,,,,,84,,,,,,,,6.03,61.3,,,,,,,6.15,kg/m/s/Mpa,-1.2,Mpa,,,Zhu et al. 2017 (Tree Physiology)
tree,angiosperm,Syzygium latilimbum,,1.16,,,,,,,,,0.64,,,,,,,,,,,67,,,,,,,,4.16,59.4,,,,,,,4.57,kg/m/s/Mpa,-2,Mpa,,,Zhu et al. 2017 (Tree Physiology)
tree,angiosperm,Syzygium szemaoense,,1.2,3.34,,,,,,12.22,,0.525,97,,,,,,,10.36,,,86,,,,,,,,6.97,88.1,,,,,,,4.85,kg/m/s/Mpa,-1.3,Mpa,,,Zhu et al. 2017 (Tree Physiology) & Zhu and Cao 2009 (Plant Ecology)
liana,liana,Millettia pachycarpa,,1.79,1.1,,,,,,36.96,,0.5,165,,,,,,,12.05,,,150,,,,,,,,6.51,162.1,,,,,,,7.32,kg/m/s/Mpa,-1.1,Mpa,,,Zhu et al. 2017 (Tree Physiology) & Zhu and Cao 2009 (Plant Ecology)
liana,liana,Byttneria integrifolia,,1.98,,,,,,,,,0.37,,,,,,,,,,,158,,,,,,,,7.78,174.7,,,,,,,10.57,kg/m/s/Mpa,-0.9,Mpa,,,Zhu et al. 2017 (Tree Physiology)
tree,angiosperm,Alphonsea monogyna,,0.89,,,,,,,,,0.6,,,,,,,,,,,36,,,,,,,,3.91,63.9,,,,,,,3.47,kg/m/s/Mpa,-1.9,Mpa,,,Zhu et al. 2017 (Tree Physiology)
tree,angiosperm,Celtis philippensis,,0.77,,,,,,,,,0.62,,,,,,,,,,,83,,,,,,,,5.34,81.5,,,,,,,3.45,kg/m/s/Mpa,-2.1,Mpa,,,Zhu et al. 2017 (Tree Physiology)
tree,angiosperm,Cipadessa baccifera,,0.82,,,,,,,,,0.61,,,,,,,,,,,61,,,,,,,,4.68,54.7,,,,,,,3.89,kg/m/s/Mpa,-2.3,Mpa,,,Zhu et al. 2017 (Tree Physiology)
tree,angiosperm,Cleistanthus sumatranus,,1.07,,,,,,,,,0.71,,,,,,,,,,,36,,,,,,,,1.69,41.8,,,,,,,1.57,kg/m/s/Mpa,-3.4,Mpa,,,Zhu et al. 2017 (Tree Physiology)
tree,angiosperm,Croton crassifolius,,0.99,,,,,,,,,0.63,,,,,,,,,,,41,,,,,,,,4.38,75.7,,,,,,,4.07,kg/m/s/Mpa,-1.6,Mpa,,,Zhu et al. 2017 (Tree Physiology)
tree,angiosperm,Lasiococca comberi,,1.01,,,,,,,,,0.69,,,,,,,,,,,29,,,,,,,,2.23,62.3,,,,,,,2.12,kg/m/s/Mpa,-2,Mpa,,,Zhu et al. 2017 (Tree Physiology)
tree,angiosperm,Pistacia weinmannifolia,,0.52,,,,,,,,,0.72,,,,,,,,,,,28,,,,,,,,3.87,48,,,,,,,2.01,kg/m/s/Mpa,-4.1,Mpa,,,Zhu et al. 2017 (Tree Physiology)
tree,angiosperm,Turpinia pomifera,,0.57,,,,,,,,,0.58,,,,,,,,,,,89,,,,,,,,5.01,49.6,,,,,,,2.73,kg/m/s/Mpa,-2.2,Mpa,,,Zhu et al. 2017 (Tree Physiology)
liana,liana,Bauhinia tenuiflora,,7.99,,,,,,,,,0.35,,,,,,,,,,,291,,,,,,,,12.3,308.3,,,,,,,92.13,kg/m/s/Mpa,-2.1,Mpa,,,Zhu et al. 2017 (Tree Physiology)
liana,liana,Bauhinia touranensis,,9.62,,,,,,,,,0.33,,,,,,,,,,,308,,,,,,,,10.72,328.3,,,,,,,104.5,kg/m/s/Mpa,-2.2,Mpa,,,Zhu et al. 2017 (Tree Physiology)
tree,angiosperm,Alseis blackiana,0.0166,,,,,,,,,,0.57106,,,,,,81.23262,0.08192,6.61728,0.35136,152.912,67.6348,,,,,,,,,,,,,,,,404.26,mol/m/s/Mpa,-3.5296937,Mpa,,,van der Sande et al. 2019 (Ecology)
tree,angiosperm,Annona spraguei,0.0169,,,,,,,,,,0.35238,,,,,,75.60998,0.1322,9.94326,0.36602,142.25738,98.88,,,,,,,,,,,,,,,,734.08,mol/m/s/Mpa,-2.4426427,Mpa,,,van der Sande et al. 2019 (Ecology)
liana,liana,Arrabidaea verrucosa,0.01446,,,,,,,,,,0.43558,,,,,,94.05844,0.24314,22.70168,0.38954,156.6525,89.408,,,,,,,,,,,,,,,,2032.8,mol/m/s/Mpa,-0.8060045,Mpa,,,van der Sande et al. 2019 (Ecology)
liana,liana,Bauhinia reflexa,0.0146,,,,,,,,,,0.56488,,,,,,71.5653,0.19632,14.03852,0.3726,149.97436,77.844,,,,,,,,,,,,,,,,1180.356,mol/m/s/Mpa,-2.102105,Mpa,,,van der Sande et al. 2019 (Ecology)
tree,angiosperm,Brosimum utile,0.01398,,,,,,,,,,0.53688,,,,,,74.94588,0.16476,12.3336,0.43398,100.2136,66.816,,,,,,,,,,,,,,,,911.352,mol/m/s/Mpa,-2.2476243,Mpa,,,van der Sande et al. 2019 (Ecology)
tree,angiosperm,Cecropia obtusifolia,0.01596,,,,,,,,,,0.28148,,,,,,57.23662,0.21076,12.04046,0.25488,206.85776,114.33,,,,,,,,,,,,,,,,970.104,mol/m/s/Mpa,-0.7556186,Mpa,,,van der Sande et al. 2019 (Ecology)
liana,liana,Coccoloba parimensis,0.01504,,,,,,,,,,0.5566,,,,,,75.45482,0.2231,16.83228,0.49322,140.96034,94.752,,,,,,,,,,,,,,,,1105.412,mol/m/s/Mpa,-1.5096641,Mpa,,,van der Sande et al. 2019 (Ecology)
liana,liana,Combretum decandrum,0.00966,,,,,,,,,,0.4268,,,,,,78.77112,0.21214,16.59346,0.243,185.628,142.4899,,,,,,,,,,,,,,,,2392.4458,mol/m/s/Mpa,-0.6121123,Mpa,,,van der Sande et al. 2019 (Ecology)
liana,liana,Davilla nitida,0.01528,,,,,,,,,,0.52544,,,,,,67.61696,0.18938,12.71376,0.39032,120.08316,106.26,,,,,,,,,,,,,,,,1311.228,mol/m/s/Mpa,-1.4842136,Mpa,,,van der Sande et al. 2019 (Ecology)
liana,liana,Doliocarpus dentatus,0.01248,,,,,,,,,,0.25572,,,,,,85.1022,0.17234,14.6691,0.30278,201.91442,89.864,,,,,,,,,,,,,,,,1210.00474,mol/m/s/Mpa,-2.5224781,Mpa,,,van der Sande et al. 2019 (Ecology)
liana,liana,Doliocarpus multiflorus,0.02042,,,,,,,,,,0.57506,,,,,,86.09356,0.15776,13.49692,0.42532,61.8227,72.816,,,,,,,,,,,,,,,,965,mol/m/s/Mpa,-2.5104522,Mpa,,,van der Sande et al. 2019 (Ecology)
liana,liana,Hiraea smilacina,0.0149,,,,,,,,,,0.65522,,,,,,54.57788,0.25928,14.12624,0.45542,96.22938,46.46,,,,,,,,,,,,,,,,794.808,mol/m/s/Mpa,-2.5977086,Mpa,,,van der Sande et al. 2019 (Ecology)
tree,angiosperm,Luehea seemannii,0.01784,,,,,,,,,,0.4074,,,,,,79.11994,0.19014,14.75768,0.2871,195.426,86.22,,,,,,,,,,,,,,,,804.222,mol/m/s/Mpa,-1.2839966,Mpa,,,van der Sande et al. 2019 (Ecology)
liana,liana,Machaerium floribundum,0.01686,,,,,,,,,,0.37182,,,,,,71.19248,0.23718,16.8325,0.31356,146.09774,117.612,,,,,,,,,,,,,,,,1327,mol/m/s/Mpa,-0.7234846,Mpa,,,van der Sande et al. 2019 (Ecology)
liana,liana,Mendoncia litoralis,0.01192,,,,,,,,,,0.29884,,,,,,86.82262,0.26474,22.97038,0.33426,198.0476,133.848,,,,,,,,,,,,,,,,3245,mol/m/s/Mpa,-0.6252212,Mpa,,,van der Sande et al. 2019 (Ecology)
liana,liana,Mikania leiostachya,0.01916,,,,,,,,,,0.57368,,,,,,68.36336,0.11142,7.59562,0.18866,274.9207,112.7,,,,,,,,,,,,,,,,194.92932,mol/m/s/Mpa,-1.2566151,Mpa,,,van der Sande et al. 2019 (Ecology)
tree,angiosperm,Myriocarpa longipes,0.01434,,,,,,,,,,0.26522,,,,,,95.30734,0.1439,12.63594,0.28246,181.148,85.888,,,,,,,,,,,,,,,,1199.52,mol/m/s/Mpa,-0.9055292,Mpa,,,van der Sande et al. 2019 (Ecology)
liana,liana,Paullinia fibrigera,0.01298,,,,,,,,,,0.5038,,,,,,61.71918,0.19924,12.1747,0.42834,142.43156,57.12,,,,,,,,,,,,,,,,728.28,mol/m/s/Mpa,-1.2208353,Mpa,,,van der Sande et al. 2019 (Ecology)
liana,liana,Phryganocydia corymbosa,0.02248,,,,,,,,,,0.50282,,,,,,57.47998,0.23288,13.38452,0.39514,88.04576,59.472,,,,,,,,,,,,,,,,990.08,mol/m/s/Mpa,-1.1025164,Mpa,,,van der Sande et al. 2019 (Ecology)
tree,angiosperm,Pourouma bicolor,0.02112,,,,,,,,,,0.3469,,,,,,71.93498,0.15404,11.07436,0.37934,158.3768,67.67,,,,,,,,,,,,,,,,683.1,mol/m/s/Mpa,-1.4763766,Mpa,,,van der Sande et al. 2019 (Ecology)
tree,angiosperm,Protium panamense,0.01938,,,,,,,,,,0.50214,,,,,,60.59914,0.17932,10.84878,0.4288,115.47208,39.292,,,,,,,,,,,,,,,,872.496,mol/m/s/Mpa,-1.9198724,Mpa,,,van der Sande et al. 2019 (Ecology)
tree,angiosperm,Simarouba amara,0.02518,,,,,,,,,,0.38282,,,,,,74.20736,0.18018,13.30474,0.31632,161.094,71.994,,,,,,,,,,,,,,,,644.182,mol/m/s/Mpa,-1.1334882,Mpa,,,van der Sande et al. 2019 (Ecology)
liana,liana,Stizophyllum riparium,0.01532,,,,,,,,,,0.33184,,,,,,76.42292,0.22658,17.1226,0.23966,177,154.924,,,,,,,,,,,,,,,,1690.368,mol/m/s/Mpa,-0.7844022,Mpa,,,van der Sande et al. 2019 (Ecology)
tree,angiosperm,Tachigali versicolor,0.04254,,,,,,,,,,0.58934,,,,,,79.90936,0.07374,5.86988,0.37724,109.57978,31.808,,,,,,,,,,,,,,,,179.872,mol/m/s/Mpa,-3.8358344,Mpa,,,van der Sande et al. 2019 (Ecology)
tree,angiosperm,Tapirira guianensis,0.0297,,,,,,,,,,0.55584,,,,,,92.11676,0.1069,9.74092,0.38418,117.45478,43.596,,,,,,,,,,,,,,,,338.79,mol/m/s/Mpa,-2.4006092,Mpa,,,van der Sande et al. 2019 (Ecology)
liana,liana,Tontelea ovalifolia,0.0158,,,,,,,,,,0.42066,,,,,,73.38454,0.23006,16.81862,0.37224,129.952,104.236,,,,,,,,,,,,,,,,1691.616,mol/m/s/Mpa,-1.3742113,Mpa,,,van der Sande et al. 2019 (Ecology)
tree,angiosperm,Tovomita longifolia,0.0255,,,,,,,,,,0.72844,,,,,,53.48422,0.17298,9.22418,0.4527,63.68766,19.95,,,,,,,,,,,,,,,,333.108,mol/m/s/Mpa,-3.8258901,Mpa,,,van der Sande et al. 2019 (Ecology)
tree,angiosperm,Virola sebifera,0.01878,,,,,,,,,,0.4869,,,,,,74.37978,0.1286,9.46782,0.40796,101.2885,22.632,,,,,,,,,,,,,,,,522.424,mol/m/s/Mpa,-1.2406379,Mpa,,,van der Sande et al. 2019 (Ecology)
liana,liana,Vitis tiliifolia,0.01492,,,,,,,,,,0.32576,,,,,,82.28644,0.20286,16.54492,0.21252,234.668,137.216,,,,,,,,,,,,,,,,1248.832,mol/m/s/Mpa,-1.0740102,Mpa,,,van der Sande et al. 2019 (Ecology)
tree,angiosperm,Xylopia macrantha,0.03492,,,,,,,,,,0.41306,,,,,,81.50708,0.09892,7.91884,0.33632,231.88837,32.84,,,,,,,,,,,,,,,,131.8958,mol/m/s/Mpa,-2.5917397,Mpa,,,van der Sande et al. 2019 (Ecology)
tree,angiosperm,Zuelania guidonia,0.00902,,,,,,,,,,0.55888,,,,,,88.68584,0.06748,5.91872,0.26946,145.90266,41.244,,,,,,,,,,,,,,,,526.524,mol/m/s/Mpa,-3.2054299,Mpa,,,van der Sande et al. 2019 (Ecology)
liana,liana,Quisqualis indica,,,0.87,,,,,,35.14,,0.5,173,,,,,,,10.5,,,,,,,,,,,,,,,,,,,3.07,kg/m/s/Mpa,,,,,Zhu and Cao 2009 (Plant ecology)
tree,angiosperm,Baccaurea ramiflora,,,5.02,,,,,,14.93,,0.56,79,,,,,,,4.97,,,,,,,,,,,,,,,,,,,0.74,kg/m/s/Mpa,,,,,Zhu and Cao 2009 (Plant ecology)
liana,liana,Ziziphus attopensis,,,,,,,,,,,,,,,,,,,,,,,,,,,,,,,,,,,,,,1.3,kg/m/s/Mpa,-0.91,Mpa,,,Chen et al. 2014 (American Journal of Botany)
liana,liana,Prionostemma aspera,,,,,,,,,,,0.58,,,1.23,,,,,,,,,,,,,,,,,,,,,,,,0.71,kg/m/s/Mpa,-1.14,Mpa,,,Johnson et al. 2013 (American Journal of Botany)
liana,liana,Trichostigma octandrum,,,,,,,,,,,0.49,,,4.41,,,,,,,,,,,,,,,,,,,,,,,,1.58,kg/m/s/Mpa,-2.9,Mpa,,,Johnson et al. 2013 (American Journal of Botany)
tree,angiosperm,Anacardium excelsum,,,,,,,,,,,0.43,,,1.73,,,,,,,,,,,,,,,,,,,,,,,,1.1,kg/m/s/Mpa,-1.45,Mpa,,,Johnson et al. 2013 (American Journal of Botany)
tree,angiosperm,Austromyrtus bidwillii,,,1.57,,,,,,,,0.71,30.5,217,,,,,,,,,,,,,,,,,,,,,,,,,1.24,kg/m/s/Mpa,,,,,Choat et al. 2005 (Trees)
tree,angiosperm,Alphitonia excelsa,,,2.16,,,,,,,,0.67,47.8,84,,,,,,,,,,,,,,,,,,,,,,,,,4.89,kg/m/s/Mpa,,,,,Choat et al. 2005 (Trees)
tree,angiosperm,Brachychiton australis,,,3.19,,,,,,,,0.25,89.5,14,,,,,,,,,,,,,,,,,,,,,,,,,6.7,kg/m/s/Mpa,,,,,Choat et al. 2005 (Trees)
tree,angiosperm,Cochlospermum gillivraei,,,5.69,,,,,,,,0.3,104.8,10,,,,,,,,,,,,,,,,,,,,,,,,,7.75,kg/m/s/Mpa,,,,,Choat et al. 2005 (Trees)
tree,angiosperm,Annona glabra,,,3.5,,,,,,,,0.51,,16.3,,,,,,,,,,,,48.8,,,,,,,,,,,,,9.1,kg/m/s/Mpa,,,,,Zotz et al. 1997 (Tree Physiology)
liana,liana,Austrobaileya scandens,,,0.65,,,,,,,,,,,,,,,,,,,,,,,,,,,,,,,,,,,2.3,kg/m/s/Mpa,,,,,Feild et al. 2003 (International Journal of Plant Sciences)
tree,angiosperm,Curatella americana,,,,,,,,,,,,,,,-1.79,-1.34,,,,,,,,,,,,,,,,,,,,,,1.25,kg/m/s/Mpa,,,,,"Brodribb et al. 2002 (Plant, Cell and Environment)"
tree,angiosperm,Quercus oleoides,,,,,,,,,,,,,,,-3.48,-1.01,,,,,,,,,,,,,,,,,,,,,,2.1,kg/m/s/Mpa,,,,,"Brodribb et al. 2002 (Plant, Cell and Environment)"
tree,angiosperm,Bursera simaruba,,,,,,,,,,,,,,,-1.62,-1.02,,,,,,,,,,,,,,,,,,,,,,3.55,kg/m/s/Mpa,,,,,"Brodribb et al. 2002 (Plant, Cell and Environment)"
tree,angiosperm,Calycophyllum candidissimum,,,,,,,,,,,,,,,-2.37,-1.36,,,,,,,,,,,,,,,,,,,,,,1.11,kg/m/s/Mpa,,,,,"Brodribb et al. 2002 (Plant, Cell and Environment)"
tree,angiosperm,Enterolobium cyclocarpum,,,,,,,,,,,,,,,-1.98,-0.96,,,,,,,,,,,,,,,,,,,,,,3.5,kg/m/s/Mpa,,,,,"Brodribb et al. 2002 (Plant, Cell and Environment)"
tree,angiosperm,Gliricidia sepium,,,,,,,,,,,,,,,-1.79,-1.29,,,,,,,,,,,,,,,,,,,,,,3.65,kg/m/s/Mpa,,,,,"Brodribb et al. 2002 (Plant, Cell and Environment)"
tree,angiosperm,Byrsonima crassifolia,,,,,,,,,,,,,,,-2.38,-1.68,,,,,,,,,,,,,,,,,,,,,,2.1,kg/m/s/Mpa,,,,,"Brodribb et al. 2002 (Plant, Cell and Environment)"
tree,angiosperm,Hymenaea courbaril,,,,,,,,,,,,,,,-3.11,-1.98,,,,,,,,,,,,,,,,,,,,,,2.4,kg/m/s/Mpa,,,,,"Brodribb et al. 2002 (Plant, Cell and Environment)"
tree,angiosperm,Manilkara chicle,,,,,,,,,,,,,,,-4.59,-2.34,,,,,,,,,,,,,,,,,,,,,,0.45,kg/m/s/Mpa,,,,,"Brodribb et al. 2002 (Plant, Cell and Environment)"
tree,angiosperm,Swietenia macrophylla,,,,,,,,,,,,,,,-2.69,-2.16,,,,,,,,,,,,,,,,,,,,,,1.2,kg/m/s/Mpa,,,,,"Brodribb et al. 2002 (Plant, Cell and Environment)"
tree,angiosperm,Gnetum costatum,,,,,,,,,,,,,,,,,,,,,,,,,,,,,,,,,,,,,,1.11,kg/m/s/Mpa,,,,,Feild and Balun 2007 (New Phytologist)
liana,liana,Gnetum latifolium,,,,,,,,,,,,,,,,,,,,,,,,,,,,,,,,,,,,,,1.75,kg/m/s/Mpa,,,,,Feild and Balun 2007 (New Phytologist)
tree,angiosperm,Eupomatia laurina,,,,,,,,,,,,,,,,,,,,,,,,,,,,,,,,,,,,,,1.11,kg/m/s/Mpa,,,,,Feild and Balun 2007 (New Phytologist)
tree,angiosperm,Kleinhovia hospita,,,,,,,,,,,,,,,,,,,,,,,,,,,,,,,,,,,,,,8.21,kg/m/s/Mpa,,,,,Feild and Balun 2007 (New Phytologist)
liana,liana,Piper beetle,,,,,,,,,,,,,,,,,,,,,,,,,,,,,,,,,,,,,,1.11,kg/m/s/Mpa,,,,,Feild and Balun 2007 (New Phytologist)
liana,liana,Tinospora ,,,,,,,,,,,,,,,,,,,,,,,,,,,,,,,,,,,,,,10.1,kg/m/s/Mpa,,,,,Feild and Balun 2007 (New Phytologist)
tree,angiosperm,Pereskia diaz-romeroana,,,5.54,,,,,,,,0.61,44.01,56.67,,-0.88,,,,,,,,,,,,,,,,,,,,,,,1.69,kg/m/s/Mpa,,,,,Edwards 2006 (New Phytologist)
tree,angiosperm,Pereskia guamacho,,,5.79,,,,,,,,0.67,39.18,50.66,,-1,,,,,,,,,,,,,,,,,,,,,,,1.03,kg/m/s/Mpa,,,,,Edwards 2006 (New Phytologist)
tree,angiosperm,Pereskia portulacifolia,,,10.82,,,,,,,,0.6,51.16,63.59,,-0.84,,,,,,,,,,,,,,,,,,,,,,,2.69,kg/m/s/Mpa,,,,,Edwards 2006 (New Phytologist)
tree,angiosperm,Pereskia marcanoi,,,5.62,,,,,,,,0.7,46.82,36.81,,-0.6,,,,,,,,,,,,,,,,,,,,,,,2.06,kg/m/s/Mpa,,,,,Edwards 2006 (New Phytologist)
tree,angiosperm,Pereskia quisqueyana,,,2.2,,,,,,,,0.62,46.86,37.87,,-0.71,,,,,,,,,,,,,,,,,,,,,,,1.76,kg/m/s/Mpa,,,,,Edwards 2006 (New Phytologist)
tree,angiosperm,Pereskia sacharosa,,,4.65,,,,,,,,0.57,52.34,37.17,,-0.84,,,,,,,,,,,,,,,,,,,,,,,2.01,kg/m/s/Mpa,,,,,Edwards 2006 (New Phytologist)
tree,angiosperm,Pereskia weberiana,,,1.96,,,,,,,,0.64,45.76,60.67,,-0.73,,,,,,,,,,,,,,,,,,,,,,,1.91,kg/m/s/Mpa,,,,,Edwards 2006 (New Phytologist)
tree,angiosperm,Ascarina rubicaulis,,,2.2,,,,,,,,,,,,,,,,,,,,,,,,,,,,,,,,,,,1.08,kg/m/s/Mpa,,,,,"Brodribb and Feild 2000 (Plant, Cell and Environment)"
tree,angiosperm,Carpoleps laurophylla,,,0.62,,,,,,,,,,,,,,,,,,,,,,,,,,,,,,,,,,,1.77,kg/m/s/Mpa,,,,,"Brodribb and Feild 2000 (Plant, Cell and Environment)"
tree,angiosperm,Cunonia pterophylla,,,2.8,,,,,,,,,,,,,,,,,,,,,,,,,,,,,,,,,,,1.03,kg/m/s/Mpa,,,,,"Brodribb and Feild 2000 (Plant, Cell and Environment)"
tree,angiosperm,Loxodiscus coreaceus,,,3.8,,,,,,,,,,,,,,,,,,,,,,,,,,,,,,,,,,,0.4,kg/m/s/Mpa,,,,,"Brodribb and Feild 2000 (Plant, Cell and Environment)"
tree,angiosperm,Nemuaron viellardii,,,2,,,,,,,,,,,,,,,,,,,,,,,,,,,,,,,,,,,1.21,kg/m/s/Mpa,,,,,"Brodribb and Feild 2000 (Plant, Cell and Environment)"
tree,angiosperm,Nothofagus codonandra,,,2.1,,,,,,,,,,,,,,,,,,,,,,,,,,,,,,,,,,,1.33,kg/m/s/Mpa,,,,,"Brodribb and Feild 2000 (Plant, Cell and Environment)"
tree,angiosperm,Styphelia,,,2.3,,,,,,,,,,,,,,,,,,,,,,,,,,,,,,,,,,,0.73,kg/m/s/Mpa,,,,,"Brodribb and Feild 2000 (Plant, Cell and Environment)"
tree,angiosperm,Zygogynum baillonii,,,3.2,,,,,,,,,,,,,,,,,,,,,,,,,,,,,,,,,,,0.43,kg/m/s/Mpa,,,,,"Brodribb and Feild 2000 (Plant, Cell and Environment)"
tree,angiosperm,Atherosperma moschatum,,,3.47,,,,,,,,,,,,,,,,,,,,,,,,,,,,,,,,,,,0.22,kg/m/s/Mpa,,,,,"Brodribb and Feild 2000 (Plant, Cell and Environment)"
tree,angiosperm,Eucalyptus coccifera,,,2.87,,,,,,,,,,,,,,,,,,,,,,,,,,,,,,,,,,,0.76,kg/m/s/Mpa,,,,,"Brodribb and Feild 2000 (Plant, Cell and Environment)"
tree,angiosperm,Leptospermum ruppestre,,,9.6,,,,,,,,,,,,,,,,,,,,,,,,,,,,,,,,,,,0.19,kg/m/s/Mpa,,,,,"Brodribb and Feild 2000 (Plant, Cell and Environment)"
tree,angiosperm,Nothofagus cunninghamii,,,7.53,,,,,,,,,,,,,,,,,,,,,,,,,,,,,,,,,,,0.27,kg/m/s/Mpa,,,,,"Brodribb and Feild 2000 (Plant, Cell and Environment)"
tree,angiosperm,Richea scoparium,,,21,,,,,,,,,,,,,,,,,,,,,,,,,,,,,,,,,,,0.13,kg/m/s/Mpa,,,,,"Brodribb and Feild 2000 (Plant, Cell and Environment)"
tree,angiosperm,Tasmannia lanceolata,,,6.7,,,,,,,,,,,,,,,,,,,,,,,,,,,,,,,,,,,0.08,kg/m/s/Mpa,,,,,"Brodribb and Feild 2000 (Plant, Cell and Environment)"
tree,angiosperm,Eucalyptus regnans,,,0.65,,,,,,,,,,,,,,,,,,,,,,,,,,,,,,,,,,,3.2,kg/m/s/Mpa,,,,,"Brodribb and Feild 2000 (Plant, Cell and Environment)"
tree,angiosperm,Toona australis,,,0.87,,,,,,,,,,,,,,,,,,,,,,,,,,,,,,,,,,,1.5,kg/m/s/Mpa,,,,,"Brodribb and Feild 2000 (Plant, Cell and Environment)"